Supplier,Date,Transaksi,No.,Jatuh Tempo,Keterangan,Jumlah,Saldo
CV ARGHA INTI ALKESINDO,10/08/2026	,Purchase Invoice,SMP/FPD/363/2026	,09/09/2026,KEBUTUHAN DINKES SIGI,6105000.0,6105000.0
CV. Acropolis Ortopedi,19/06/2026	,Purchase Invoice,SMP/FPD/290/2026	,19/07/2026,KEBUTUHAN RSUD BANTAENG & STOK BARANG,22598000.000028,20388000.000028
CV. INDO MEDIKA,31/08/2026	,Purchase Invoice,SMP/FPD/395/2026	,30/09/2026,,43278900.0,43278900.0
CV. JAYA UTAMA,27/12/2024	,Purchase Invoice,INV_FPB/SMP/1273/2022	,27/01/2025,,18155385.0,18155385.0
CV. SURYA MEGAH PERKASA,14/09/2026	,Purchase Invoice,SMP/FPD/417/2026	,14/10/2026,KEBUTUHAN RUMKIT BHAYANGKARA,12789456.32475,6394728.32475
PT ANUGERAH SANTOSA ABADI,05/05/2026	,Purchase Invoice,SMP/FPD/209/2026	,04/06/2026,KEBUTUHAN DINKES SIGI,17911515.0,17911515.0
PT ELVINCO MEDTECH,08/10/2025	,Purchase Invoice,FBP/SMP.PT/0523/2025	,08/11/2025,,298350000.0,238350000.0
PT. Alexa Medika,21/07/2025	,Purchase Invoice,FBP/SMP.PT/0352/2025	,21/08/2025,,48993838.0,23993838.0
PT. ALPHA INTI MEDICALINDO,24/10/2025	,Purchase Invoice,Purchase Invoice #10006	,24/11/2025,,23428500.0,3418200.3
PT. ALPHA INTI MEDICALINDO,10/11/2025	,Purchase Invoice,Purchase Invoice #10041	,10/12/2025,,855000.0,855000.0
PT. ALPHA INTI MEDICALINDO,10/11/2025	,Purchase Invoice,Purchase Invoice #10042	,10/12/2025,,550000.0,550000.0
PT. ALPHA INTI MEDICALINDO,14/11/2025	,Purchase Invoice,Purchase Invoice #10050	,14/12/2025,,800000.0,800000.0
PT. ALPHA INTI MEDICALINDO,17/11/2025	,Purchase Invoice,Purchase Invoice #10054	,17/12/2025,,210000.0,210000.0
PT. ALPHA INTI MEDICALINDO,24/11/2025	,Purchase Invoice,Purchase Invoice #10062	,24/12/2025,,44425000.0,44425000.0
PT. ALPHA INTI MEDICALINDO,25/11/2025	,Purchase Invoice,Purchase Invoice #10070	,25/12/2025,,520000.0,520000.0
PT. ALPHA INTI MEDICALINDO,28/11/2025	,Purchase Invoice,Purchase Invoice #10078	,28/12/2025,,2400000.0,2400000.0
PT. ALPHA INTI MEDICALINDO,10/12/2025	,Purchase Invoice,Purchase Invoice #10109	,10/01/2026,,2290000.0,2290000.0
PT. ALPHA INTI MEDICALINDO,10/12/2025	,Purchase Invoice,Purchase Invoice #10110	,10/01/2026,,51290400.0,51290400.0
PT. ALPHA INTI MEDICALINDO,22/01/2026	,Purchase Invoice,SMP/FPD/2/2026	,21/02/2026,KEBUTUHAN RSUD LASINRANG & RSUD ANWAR MAKKAUTUT BANTAENG,10250000.000857,10250000.000857
PT. ALPHA INTI MEDICALINDO,26/01/2026	,Purchase Invoice,SMP/FPD/9/2026	,26/01/2026,KEBUTUHAN RSUD LASINRANG & RUMKIT BHAYANGKARA,2875000.000011,2875000.000011
PT. ALPHA INTI MEDICALINDO,30/01/2026	,Purchase Invoice,SMP/FPD/18/2026	,01/03/2026,KEBUTUHAN RS LASINRANG ,11099999.999928,11099999.999928
PT. ALPHA INTI MEDICALINDO,09/02/2026	,Purchase Invoice,SMP/FPD/31/2026	,11/03/2026,,2275999.999934,2275999.999934
PT. ALPHA INTI MEDICALINDO,26/02/2026	,Purchase Invoice,SMP/FPD/61/2026	,28/03/2026,KEBUTUHAN RS ANWAR MAKKATUTU,9165000.000326,9165000.000326
PT. ALPHA INTI MEDICALINDO,27/02/2026	,Purchase Invoice,SMP/FPD/72/2026	,27/02/2026,KEBUTUHAN RSUD ANWAR MAKKATUTU BANTAENG,3000000.000108,3000000.000108
PT. ALPHA INTI MEDICALINDO,09/03/2026	,Purchase Invoice,SMP/FPD/83/2026	,08/04/2026,,8679000.000025,8679000.000025
PT. ALPHA INTI MEDICALINDO,10/03/2026	,Purchase Invoice,SMP/FPD/94/2026	,09/04/2026,KEBUTUHAN RSUD ANWAR MAKKATUTU BANTAENG & NENE MALLOMO SIDRAP,5329999.999721,5329999.999721
PT. ALPHA INTI MEDICALINDO,18/03/2026	,Purchase Invoice,SMP/FPD/99/2026	,17/04/2026,KEBUTUHAN RSUD LASINRANG,1399999.999999,1399999.999999
PT. ALPHA INTI MEDICALINDO,27/03/2026	,Purchase Invoice,SMP/FPD/105/2026	,26/04/2026,KEBUTUHAN RSUD ANANDA & RSUD ANWAR MAKKATUTU BANTAENG,17904500.000288,17904500.000288
PT. ALPHA INTI MEDICALINDO,27/03/2026	,Purchase Invoice,SMP/FPD/110/2026	,26/04/2026,KEBUTUHAN APOTIK YUNI,1609999.999611,1609999.999611
PT. ALPHA INTI MEDICALINDO,27/03/2026	,Purchase Invoice,SMP/FPD/112/2026	,26/04/2026,KEBUTUHAN CITO RSUD LASINRANG,2139999.999991,2139999.999991
PT. ALPHA INTI MEDICALINDO,30/03/2026	,Purchase Invoice,SMP/FPD/114/2026	,29/04/2026,KEBUTUHAN CITO RSUD ANWAR MAKKATUTU BANTAENG,8700000.0,8700000.0
PT. ALPHA INTI MEDICALINDO,30/03/2026	,Purchase Invoice,SMP/FPD/115/2026	,29/04/2026,KEBUTUHAN RSUD AMPANA & DOKSUL,1422100.000004,1422100.000004
PT. ALPHA INTI MEDICALINDO,30/03/2026	,Purchase Invoice,SMP/FPD/121/2026	,29/04/2026,KEBUTUHAN RSUD ANWAR MAKKATUTU BANTAENG,165000.000002,165000.000002
PT. ALPHA INTI MEDICALINDO,31/03/2026	,Purchase Invoice,SMP/FPD/125/2026	,30/04/2026,KEBUTUHAN RSUD LASINRANG,8999999.999325,8999999.999325
PT. ALPHA INTI MEDICALINDO,22/04/2026	,Purchase Invoice,SMP/FPD/168/2026	,22/05/2026,,21375000.000028,21375000.000028
PT. ALPHA INTI MEDICALINDO,30/04/2026	,Purchase Invoice,SMP/FPD/189/2026	,30/05/2026,,75000.0,75000.0
PT. ALPHA INTI MEDICALINDO,08/05/2026	,Purchase Invoice,SMP/FPD/219/2026	,07/06/2026,KEBUTUHAN RSUD NENE MALLOMO,4500000.000029,4500000.000029
PT. ALPHA INTI MEDICALINDO,12/05/2026	,Purchase Invoice,SMP/FPD/220/2026	,11/06/2026,"KEBUTUHAN RSUD BANTAENG, RS BHAYANGKARA",20607150.0,20607150.0
PT. ALPHA INTI MEDICALINDO,30/05/2026	,Purchase Invoice,SMP/FPD/254/2026	,29/06/2026,"KEBUTUHAN RSUD BANTAENG, RSUD LASINRANG",30183000.000329,30183000.000329
PT. ALPHA INTI MEDICALINDO,19/06/2026	,Purchase Invoice,SMP/FPD/292/2026	,19/07/2026,KEBUTUHAN RSUD NEMAL,4500000.000029,4500000.000029
PT. ALPHA INTI MEDICALINDO,17/07/2026	,Purchase Invoice,SMP/FPD/327/2026	,16/08/2026,KEBUTUHAN RS BHANYANGKARA,170000.000001,85000.000001
PT. ALPHA INTI MEDICALINDO,24/07/2026	,Purchase Invoice,SMP/FPD/344/2026	,23/08/2026,KEBUTUHAN RS BHAYANGKARA,255000.000001,255000.000001
PT. ALPHA INTI MEDICALINDO,24/08/2026	,Purchase Invoice,SMP/FPD/370/2026	,23/09/2026,KEBUTUHAN RS BHAYANGKARA,170000.000001,170000.000001
PT. ALPHA INTI MEDICALINDO,24/08/2026	,Purchase Invoice,SMP/FPD/372/2026	,23/09/2026,KEBUTUHAN CITO RSUD AMPANA DAN RSUD LAGALIGO,13665000.000015,13665000.000015
PT. ALPHA INTI MEDICALINDO,27/08/2026	,Purchase Invoice,SMP/FPD/375/2026	,26/09/2026,KEBUTUHAN RSUD PENDAU TAMBU DAN RSUD BANTAENG,5599999.999776,5599999.999776
PT. ALPHA INTI MEDICALINDO,28/09/2026	,Purchase Invoice,SMP/FPD/449/2026	,28/10/2026,KEBUTUHAN RSUD ILAGALIGO,19300000.000939,19300000.000939
PT. ALPHA INTI MEDICALINDO,29/09/2026	,Purchase Invoice,SMP/FPD/458/2026	,29/10/2026,KEBUTUHAN RSUD BANTAENG,8999999.999325,3999999.999325
PT. ANUGRAH SALMAN MEDIKA,27/06/2026	,Purchase Invoice,SMP/FPD/310/2026	,27/07/2026,RSUD SHINDO TRISNO,7392600.0,7392600.0
PT. ANUGRAH SALMAN MEDIKA,01/07/2026	,Purchase Invoice,SMP/FPD/322/2026	,31/07/2026,,1248750.0,1248750.0
PT. ANUGRAH SALMAN MEDIKA,18/07/2026	,Purchase Invoice,SMP/FPD/335/2026	,17/08/2026,KEBUTUHAN RSUD BANTAENG,4329000.0,4329000.0
PT. ANUGRAH SALMAN MEDIKA,23/07/2026	,Purchase Invoice,SMP/FPD/343/2026	,22/08/2026,KEBUTUHAN RSUD BANTAENG,2164500.0,2164500.0
PT. ANUGRAH SALMAN MEDIKA,26/08/2026	,Purchase Invoice,SMP/FPD/373/2026	,25/09/2026,KEBUTUHAN RSUD BANTAENG,2164500.0,2164500.0
PT. ANUGRAH SALMAN MEDIKA,14/09/2026	,Purchase Invoice,SMP/FPD/414/2026	,14/10/2026,KEBUTUHAN RSUD I LAGALIGO,13529609.3475,13529609.3475
PT. ANUGRAH SALMAN MEDIKA,23/09/2026	,Purchase Invoice,SMP/FPD/428/2026	,23/10/2026,KEBUTUHAN RSUD BANTAENG,38791570.2549,38791570.2549
PT. ANUGRAH SALMAN MEDIKA,29/09/2026	,Purchase Invoice,SMP/FPD/456/2026	,29/10/2026,KEBUTUHAN RSUD ILAGALIGO,37762200.0,37762200.0
PT. ANUGRAH SALMAN MEDIKA,01/10/2026	,Purchase Invoice,SMP/FPD/473/2026	,31/10/2026,KEBUTUHAN RSUD ILAGALIGO,18881100.0,18881100.0
PT. ANUGRAH SALMAN MEDIKA,01/10/2026	,Purchase Invoice,SMP/FPD/474/2026	,31/10/2026,KEBUTUHAN RSUD ILAGALIGO,10523029.74558,10523029.74558
PT. BIO KARYA SEJAHTERA,25/09/2026	,Purchase Invoice,SMP/FPD/431/2026	,25/10/2026,KEBUTUHAN BHP GIGI RSUD BANTAENG,1584000.0,1584000.0
PT. BIO KARYA SEJAHTERA,25/09/2026	,Purchase Invoice,SMP/FPD/432/2026	,25/10/2026,KEBUTUHAN RS ILAGALIGO,195000.0,195000.0
PT. BIO KARYA SEJAHTERA,28/09/2026	,Purchase Invoice,SMP/FPD/445/2026	,28/10/2026,KEBUTUHAN RSUD BANTAENG,629100.0,629100.0
PT. BU KWANG MEDICAL,13/04/2026	,Purchase Invoice,SMP/FPD/146/2026	,13/05/2026,KEBUTUHAN STOCK GUDANG,134638560.0,98249760.0
PT. BUANA INTIPRIMA MEDIKA,20/10/2025	,Purchase Invoice,FBP/SMP.PT/0547/2025	,20/11/2025,,56409756.0,16409756.0
PT. BUANA INTIPRIMA MEDIKA,28/11/2025	,Purchase Invoice,Purchase Invoice #10075	,28/12/2025,,42307317.0,42307317.0
PT. BUMI INDAH SARANA MEDIS,26/04/2026	,Purchase Invoice,SMP/FPD/259/2026	,26/05/2026,KEBUTUHAN RSUD MAKKATUTU BANTAENG,39501000.015,9750500.015
PT. BUMI INDAH SARANA MEDIS,29/04/2026	,Purchase Invoice,SMP/FPD/185/2026	,29/05/2026,KEBUTUHAN RSUD ANWAR MAKKATUTU BANTAENG,177754499.9676,78877249.9676
PT. BUMI INDAH SARANA MEDIS,03/06/2026	,Purchase Invoice,SMP/FPD/262/2026	,03/07/2026,KEBUTUHAN RSUD BANTAENG,155977200.0,61489550.0
PT. Citra Persada,30/09/2026	,Purchase Invoice,SMP/FPD/464/2026	,30/10/2026,KEBUTUHAN RSUD BANTAENG DAN RSU ILAGALIGO,20009999.999937,20009999.999937
PT. Endo Indonesia,06/08/2025	,Purchase Invoice,FBP/SMP.PT/0401/2025	,06/09/2025,,13219248.0,10110313.0
PT. Endo Indonesia,06/08/2025	,Purchase Invoice,FBP/SMP.PT/0402/2025	,06/09/2025,,14448026.4,14448026.4
PT. Endo Indonesia,20/10/2025	,Purchase Invoice,FBP/SMP.PT/0544/2025	,20/11/2025,,6332022.75,6332022.75
PT. Endo Indonesia,28/11/2025	,Purchase Invoice,Purchase Invoice #10073	,28/12/2025,,7800025.0,7800025.0
PT. Endo Indonesia,29/01/2026	,Purchase Invoice,SMP/FPD/15/2026	,28/02/2026,STOCK GUDANG,1234875.0,1234875.0
PT. Endo Indonesia,17/02/2026	,Purchase Invoice,SMP/FPD/42/2026	,19/03/2026,KEBUTUHAN RSUD LASINRANG,990675.0,990675.0
PT. ENERGI MEDISTRON,29/04/2026	,Purchase Invoice,SMP/FPD/184/2026	,29/05/2026,KEBUTUHAN RSUD LASINRANG,9776325.0,9776325.0
PT. ENSEVAL PUTERA MEGATRADING,21/09/2026	,Purchase Invoice,SMP/FPD/425/2026	,21/10/2026,KEBUTUHAN RSUD BANTAENG,39887038.7676,39887038.7676
PT. ENSEVAL PUTERA MEGATRADING,30/09/2026	,Purchase Invoice,SMP/FPD/471/2026	,30/10/2026,KEBUTUHAN RSUD BANTAENG,64078801.0005,64078801.0005
PT. ENSEVAL PUTERA MEGATRADING,30/09/2026	,Purchase Invoice,SMP/FPD/472/2026	,30/10/2026,KEBUTUHAN RSUD BANTAENG,6260400.0,6260400.0
PT. GLOBAL PHARMA INDONESIA,26/08/2025	,Purchase Invoice,FBP/SMP.PT/0440/2025	,26/09/2025,,44904384.0,26232229.31
PT. GLOBAL PHARMA INDONESIA,26/08/2025	,Purchase Invoice,FBP/SMP.PT/0441/2025	,26/09/2025,,4170780.6,4170780.6
PT. GLOBAL PHARMA INDONESIA,26/08/2025	,Purchase Invoice,FBP/SMP.PT/0442/2025	,26/09/2025,,41031816.0,41031816.0
PT. GLOBAL PHARMA INDONESIA,14/10/2025	,Purchase Invoice,FBP/SMP.PT/0534/2025	,14/11/2025,,20363616.0,20363616.0
PT. GLOBAL PHARMA INDONESIA,14/10/2025	,Purchase Invoice,FBP/SMP.PT/0535/2025	,14/11/2025,,10841481.0,10841481.0
PT. GLOBAL PHARMA INDONESIA,14/10/2025	,Purchase Invoice,FBP/SMP.PT/0536/2025	,14/11/2025,,22120413.0,22120413.0
PT. HAURA ABADI JAYA,30/09/2025	,Purchase Invoice,FBP/SMP.PT/0513/2025	,30/10/2025,,1298700.0,1298700.0
PT. Indocore Perkasa,23/09/2025	,Purchase Invoice,FBP/SMP.PT/0485/2025	,23/10/2025,,138055168.25,68055168.25
PT. KLIK BERSAMA TEKNOLOGI,26/09/2026	,Purchase Invoice,SMP/FPD/438/2026	,26/10/2026,KEBUTUHAN BHP GIGI BANTAENG,9400203.3981,9400203.3981
PT. KLIK BERSAMA TEKNOLOGI,26/09/2026	,Purchase Invoice,SMP/FPD/439/2026	,26/10/2026,KEBUTUHAN BHP GIGI RSUD GIGI BANTAENG,1431900.0,1431900.0
PT. KLIK BERSAMA TEKNOLOGI,30/09/2026	,Purchase Invoice,SMP/FPD/462/2026	,30/10/2026,KEBUTUHAN RSUD ILAGALIGO,5115000.000013,5115000.000013
PT. KUNINGAN SARANA BERSAMA,10/03/2026	,Purchase Invoice,SMP/FPD/104/2026	,09/04/2026,,29182680.0,19182680.0
PT. LABIO SISTEM MANUFAKTUR,11/11/2024	,Purchase Invoice,SMP/FPB-377/2024	,11/12/2024,,22002764.32,17002764.32
PT. LINTANG DIAGNOSTIK SUKSES,20/01/2024	,Purchase Invoice,SMP/FPB-12/2024	,20/02/2024,,9893738.0,9893738.0
PT. MATESU ABADI,03/09/2025	,Purchase Invoice,FBP/SMP.PT/0458/2025	,03/10/2025,,3885000.0,3885000.0
PT. MATESU ABADI,17/09/2025	,Purchase Invoice,FBP/SMP.PT/0478/2025	,17/10/2025,,5661000.0,5661000.0
PT. MATESU ABADI,22/09/2025	,Purchase Invoice,FBP/SMP.PT/0484/2025	,22/10/2025,,19780200.0,19780200.0
PT. MATESU ABADI,29/09/2025	,Purchase Invoice,FBP/SMP.PT/0506/2025	,29/10/2025,,2231100.0,2231100.0
PT. Medical Solution Indonesia,29/12/2024	,Purchase Invoice,SMP/FPB-401/2024	,29/01/2025,,13336125.0,13336125.0
PT. Medical Solution Indonesia,05/05/2026	,Purchase Invoice,SMP/FPD/208/2026	,04/06/2026,KEBUTUHAN DINKES SIGI,3186014.13,3186014.13
PT. Medical Solution Indonesia,30/06/2026	,Purchase Invoice,SMP/FPD/318/2026	,30/07/2026,KEBUTUHAN RSUD BANTAENG,3399999.9966,3399999.9966
PT. Medical Solution Indonesia,21/08/2026	,Purchase Invoice,SMP/FPD/366/2026	,20/09/2026,KEBUTUHAN RSUD NENE MALLOMO,4786798.077,4786798.077
PT. Medical Solution Indonesia,28/08/2026	,Purchase Invoice,SMP/FPD/387/2026	,27/09/2026,KEBUTUHAN RSUD BANTAENG,2811249.825,2811249.825
PT. Medical Solution Indonesia,31/08/2026	,Purchase Invoice,SMP/FPD/400/2026	,30/09/2026,KEBUTUHAN RSUD BANTAENG,5106000.0,5106000.0
PT. MediHop,13/08/2024	,Purchase Invoice,SMP/FPB-264/2024	,13/09/2024,,58209389.0,48209389.0
PT. MEDISON JAYA RAYA,14/01/2026	,Purchase Invoice,10140	,13/02/2026,KEBUTUHAN RSUD LASINRANG,1450000.0,1450000.0
PT. Mensa Bina Sukses,24/07/2026	,Purchase Invoice,SMP/FPD/345/2026	,08/08/2026,KEBUTUHAN RS SELAYAR,37342620.0,37342620.0
PT. MITRA ASA PRATAMA,20/01/2024	,Purchase Invoice,FPB-SMP.PT/1029/2021	,20/02/2024,,11000000.0,11000000.0
PT. MITRA ASA PRATAMA,04/02/2024	,Purchase Invoice,FPB-SMP.PT/1043/2021	,06/03/2024,,4125000.0,4125000.0
PT. MITRA ASA PRATAMA,19/12/2024	,Purchase Invoice,SMP-FPB/1448/2020	,19/01/2025,,8500000.0,8500000.0
PT. Mukti Rejo Abadi,30/11/2024	,Purchase Invoice,INV_FPB/SMP/1112/2022	,30/12/2024,,124462826.2,109462826.2
PT. MULTI SINAR MEDITRON,29/09/2026	,Purchase Invoice,SMP/FPD/457/2026	,29/10/2026,KEBUTUHAN RSUD BANTAENG,8147400.0,8147400.0
PT. Muzamal Ventures Indonesia,15/05/2026	,Purchase Invoice,SMP/FPD/223/2026	,14/06/2026,STOK GUDANG,12374280.0,7401455.79
PT. Muzamal Ventures Indonesia,09/06/2026	,Purchase Invoice,SMP/FPD/272/2026	,09/07/2026,KEBUTUHAN STOK,11040282.0,11040282.0
PT. Muzamal Ventures Indonesia,21/07/2026	,Purchase Invoice,SMP/FPD/338/2026	,20/08/2026,STOK GUDANG,23142834.0,23142834.0
PT. Muzamal Ventures Indonesia,21/07/2026	,Purchase Invoice,SMP/FPD/339/2026	,20/08/2026,STOK GUDANG,38160468.0,38160468.0
PT. Muzamal Ventures Indonesia,27/08/2026	,Purchase Invoice,SMP/FPD/376/2026	,26/09/2026,KEBUTUHAN RS PAINAN,2671992.0,2671992.0
PT. Muzamal Ventures Indonesia,14/09/2026	,Purchase Invoice,SMP/FPD/418/2026	,14/10/2026,KEBUTUHAN RSUD RUMBIA,8543448.0,8543448.0
PT. Muzamal Ventures Indonesia,26/09/2026	,Purchase Invoice,SMP/FPD/440/2026	,26/10/2026,KEBUTUHAN RS ANANDA,13536450.0,13536450.0
PT. OXY MEDICA INDONESIA,27/08/2026	,Purchase Invoice,SMP/FPD/380/2026	,26/09/2026,KEBUTUHAN RSUD BANTAENG DAN RS HAYYUNG SELAYAR,4395600.0,4395600.0
PT. OXY MEDICA INDONESIA,14/09/2026	,Purchase Invoice,SMP/FPD/416/2026	,14/10/2026,KEBUTUHAN RSUD BANTAENG,21733800.0,21733800.0
PT. OXY MEDICA INDONESIA,15/09/2026	,Purchase Invoice,SMP/FPD/420/2026	,15/10/2026,KEBUTUHAN RSUD BANTAENG,6105000.0,6105000.0
PT. OXY MEDICA INDONESIA,24/09/2026	,Purchase Invoice,SMP/FPD/429/2026	,24/10/2026,KEBUTUHAN RSUD DAYA,2442000.0,2442000.0
PT. SAFELOCK MEDICAL INDONESIA,28/09/2026	,Purchase Invoice,SMP/FPD/441/2026	,28/10/2026,STOK BARANG,107815000.01373,107815000.01373
PT. SAFELOCK MEDICAL INDONESIA,28/09/2026	,Purchase Invoice,SMP/FPD/442/2026	,28/10/2026,KEBUTUHAN STOK BARANG,6420000.00024,6420000.00024
PT. SAFELOCK MEDICAL INDONESIA,28/09/2026	,Purchase Invoice,SMP/FPD/443/2026	,28/10/2026,STOK BARANG,142053199.996608,142053199.996608
PT. SAFELOCK MEDICAL INDONESIA,29/09/2026	,Purchase Invoice,SMP/FPD/454/2026	,29/10/2026,KEBUTUHAN STOK GUDANG,5938500.0,5938500.0
PT. SAFELOCK MEDICAL INDONESIA,29/09/2026	,Purchase Invoice,SMP/FPD/455/2026	,29/10/2026,STOK BARANG,72118000.00203,72118000.00203
PT. SARANA LINTAS MEDIKA,06/08/2026	,Purchase Invoice,SMP/FPD/361/2026	,05/09/2026,KEBUTUHAN DINKES SIGI,7195020.0,7195020.0
PT. SARANA LINTAS MEDIKA,27/08/2026	,Purchase Invoice,SMP/FPD/378/2026	,26/09/2026,KEBUTUHAN RSUD BANTAENG,873792.0,873792.0
PT. SEKAR GUNA,03/06/2026	,Purchase Invoice,SMP/FPD/261/2026	,03/07/2026,KEBUTUHAN RSUD BANTAENG,32467500.0,11233750.0
PT. SINAR RODA UTAMA,27/08/2026	,Purchase Invoice,SMP/FPD/379/2026	,26/09/2026,KEBUTUHAN RSUD BANTAENG DAN MSI,45343500.0,20343500.0
PT. SINAR RODA UTAMA,30/09/2026	,Purchase Invoice,SMP/FPD/463/2026	,30/10/2026,KEBUTUHAN RSUD BANTAENG DAN DINKES PINRANG,34410000.0,34410000.0
PT. SINAR RODA UTAMA,30/09/2026	,Purchase Invoice,SMP/FPD/469/2026	,30/10/2026,KEBUTUHAN RSUD BANTAENG DAN DINKES BANTAENG,34410000.0,34410000.0
PT. SUBUR MAKMUR LINTANG GEMILANG,23/02/2026	,Purchase Invoice,SMP/FPD/48/2026	,25/03/2026,KEBUTUHAN RUMKIT BHAYANGKARA & STOCK,16650000.0,90000.0
PT. SUN UP HEALTH CARE,04/03/2026	,Purchase Invoice,SMP/FPD/76/2026	,18/04/2026,KEBUTUHAN RSUD LASINRANG,2868750.000009,2868750.000009
PT. SUN UP HEALTH CARE,07/04/2026	,Purchase Invoice,SMP/FPD/137/2026	,07/05/2026,KEBUTUHAN RSUD LASINRANG,5737500.000018,5737500.000018
PT. SUN UP HEALTH CARE,27/04/2026	,Purchase Invoice,SMP/FPD/177/2026	,27/05/2026,KEBUTUHAN RS PENDAU TAMBU,3077200.000001,3077200.000001
PT. SUN UP HEALTH CARE,06/05/2026	,Purchase Invoice,SMP/FPD/214/2026	,05/06/2026,KEBUTUHAN DINKES SIGI,19823499.999992,19823499.999992
PT. SURGICA ALKESINDO,28/07/2025	,Purchase Invoice,FBP/SMP.PT/0376/2025	,28/08/2025,,1653000.0,1653000.0
PT. SURGICA ALKESINDO,26/09/2026	,Purchase Invoice,SMP/FPD/436/2026	,26/10/2026,KEBUTUHAN RSUD BANTAENG DAN RSUD ILAGALIGO,64130472.0,64130472.0
PT. TRISA LIKUID FARMA,11/09/2026	,Purchase Invoice,SMP/FPD/411/2026	,26/10/2026,KEBUTUHAN RSUD I LAGALIGO,30291300.000378,30291300.000378
PT. TRISA LIKUID FARMA,11/09/2026	,Purchase Invoice,SMP/FPD/412/2026	,26/10/2026,,5209760.0028,5209760.0028
PT. United Dico Citas,26/08/2024	,Purchase Invoice,FPB-SMP.PT/1231/2021	,26/09/2024,,266022000.0,266022000.0
SHOOPE,28/04/2026	,Purchase Invoice,SMP/FPD/181/2026	,28/04/2026,KEBUTUHAN DINKES SIGI,47500.0,47500.0
SHOOPE,30/04/2026	,Purchase Invoice,SMP/FPD/190/2026	,30/04/2026,KEBUTUHAN DINKES SIGI,17000.0,17000.0
SHOPEE,17/04/2026	,Purchase Invoice,SMP/FPD/159/2026	,17/05/2026,KEBUTUHAN KLINIK ANANDA,61500.0,61500.0
Toko MEDSO,06/05/2025	,Purchase Invoice,FBP/SMP.PT/0158/2025	,06/06/2025,,653745.6,653745.6
Toko MEDSO,26/05/2025	,Purchase Invoice,FBP/SMP.PT/0214/2025	,26/06/2025,,537195.6,537195.6
Toko MEDSO,22/10/2025	,Purchase Invoice,FBP/SMP.PT/0554/2025	,22/11/2025,,681351.3,681351.3
Toko MEDSO,24/10/2025	,Purchase Invoice,FBP/SMP.PT/0560/2025	,24/11/2025,,1349760.0,1349760.0
Toko MEDSO,24/10/2025	,Purchase Invoice,Purchase Invoice #10026	,24/11/2025,,2770500.0,2770500.0
Toko MEDSO,24/10/2025	,Purchase Invoice,Purchase Invoice #10027	,24/11/2025,,3648015.0,3648015.0
Toko MEDSO,24/10/2025	,Purchase Invoice,Purchase Invoice #10032	,24/11/2025,,1491538.08,1491538.08
Toko MEDSO,24/10/2025	,Purchase Invoice,Purchase Invoice #10036	,24/11/2025,,1665000.0,1665000.0
Toko MEDSO,25/10/2025	,Purchase Invoice,Purchase Invoice #10037	,25/11/2025,,445749.36,445749.36
Toko MEDSO,06/11/2025	,Purchase Invoice,Purchase Invoice #10039	,06/12/2025,,693750.0,693750.0
Toko MEDSO,02/12/2025	,Purchase Invoice,Purchase Invoice #10093	,02/01/2026,,1110000.0,1110000.0
Toko MEDSO,07/12/2025	,Purchase Invoice,Purchase Invoice #10112	,07/01/2026,,1499471.0,1499471.0
Toko MEDSO,07/12/2025	,Purchase Invoice,Purchase Invoice #10113	,07/01/2026,,2242200.0,2242200.0
Toko MEDSO,22/12/2025	,Purchase Invoice,Purchase Invoice #10130	,22/01/2026,,27750.0,27750.0
Toko MEDSO,22/12/2025	,Purchase Invoice,Purchase Invoice #10137	,22/01/2026,,2810520.0,2810520.0
Toko MEDSO,22/12/2025	,Purchase Invoice,Purchase Invoice #10138	,22/01/2026,,1308223.8,1308223.8
Toko MEDSO,06/01/2026	,Purchase Invoice,10141	,05/02/2026,,5133750.0,5133750.0
Toko MEDSO,25/01/2026	,Purchase Invoice,SMP/FPD/7/2026	,24/02/2026,kebuuhan rs bantaeng dan rs lasinrang,6977408.6958,6977408.6958
Toko MEDSO,05/02/2026	,Purchase Invoice,SMP/FPD/36/2026	,07/03/2026,,706071.0,706071.0
Toko MEDSO,16/02/2026	,Purchase Invoice,SMP/FPD/44/2026	,18/03/2026,KEBUTUHAN RS BANTAENG dan RS LASINRANG,1486039.14,1486039.14
Toko MEDSO,16/02/2026	,Purchase Invoice,SMP/FPD/46/2026	,18/03/2026,,160062.0,160062.0
Toko MEDSO,24/02/2026	,Purchase Invoice,SMP/FPD/57/2026	,26/03/2026,,3201906.0,3201906.0
Toko MEDSO,25/02/2026	,Purchase Invoice,SMP/FPD/67/2026	,27/03/2026,KEBUTUHAN UIT,545693.76,545693.76
Toko MEDSO,09/03/2026	,Purchase Invoice,SMP/FPD/90/2026	,08/04/2026,,28305.0,28305.0
Toko MEDSO,10/03/2026	,Purchase Invoice,SMP/FPD/133/2026	,09/04/2026,,5661.0,5661.0
Toko MEDSO,26/03/2026	,Purchase Invoice,SMP/FPD/106/2026	,25/04/2026,,2729379.0,2729379.0
Toko MEDSO,26/03/2026	,Purchase Invoice,SMP/FPD/111/2026	,25/04/2026,,749250.0,749250.0
Toko MEDSO,31/03/2026	,Purchase Invoice,SMP/FPD/126/2026	,30/04/2026,,180509.31,180509.31
Toko MEDSO,07/04/2026	,Purchase Invoice,SMP/FPD/134/2026	,07/05/2026,,279999.9975,279999.9975
Toko MEDSO,27/04/2026	,Purchase Invoice,SMP/FPD/178/2026	,27/05/2026,KEBUTUHAN RS PENDAU TAMBU,188700.0,188700.0
Toko MEDSO,29/04/2026	,Purchase Invoice,SMP/FPD/183/2026	,29/05/2026,KEBUTUHAN DINAS KESEHATAN SIGI,6998550.0,6998550.0
Toko MEDSO,12/05/2026	,Purchase Invoice,SMP/FPD/221/2026	,11/06/2026,KEBUTUHAN RSUD ANWAR MAKKATUTU,380730.0,380730.0
Toko MEDSO,29/05/2026	,Purchase Invoice,SMP/FPD/255/2026	,28/06/2026,KEBUTUHAN RS LASINRANG,699300.0,699300.0
Toko MEDSO,12/06/2026	,Purchase Invoice,SMP/FPD/280/2026	,12/07/2026,KEBUTUHAN RS PENDAU TAMBU,364080.0,364080.0
Toko MEDSO,12/06/2026	,Purchase Invoice,SMP/FPD/283/2026	,12/07/2026,KEBUTUHAN RSUD PENDAU TAMBU,150960.0,150960.0
Toko MEDSO,25/06/2026	,Purchase Invoice,SMP/FPD/303/2026	,25/07/2026,KEBUTUHAN RSUD NENE MALLOMO,893550.0,893550.0
Toko MEDSO,09/07/2026	,Purchase Invoice,SMP/FPD/325/2026	,08/08/2026,,125583.18,125583.18
Toko MEDSO,22/07/2026	,Purchase Invoice,SMP/FPD/342/2026	,21/08/2026,,299700.0,299700.0
Toko MEDSO,04/08/2026	,Purchase Invoice,SMP/FPD/360/2026	,03/09/2026,,38850.0,38850.0
Toko MEDSO,07/08/2026	,Purchase Invoice,SMP/FPD/362/2026	,06/09/2026,,2575200.0,2575200.0
Toko MEDSO,12/08/2026	,Purchase Invoice,SMP/FPD/365/2026	,11/09/2026,,38850.0,38850.0
Toko MEDSO,31/08/2026	,Purchase Invoice,SMP/FPD/388/2026	,30/09/2026,,14846.25,14846.25
Toko Sabaria Clothing,25/06/2026	,Purchase Invoice,SMP/FPD/306/2026	,25/07/2026,KEBUTUHAN DINKES SIGI,1574999.999973,1574999.999973
